nom1,prenom1,6A
nom2,prenom2,6A
,,
nom3,prenom3,6A
nom4,prenom4,6A
nom5,prenom5,6A
,,
nom6,prenom6,6A
nom7,prenom7,6A
nom8,prenom8,6A
nom9,prenom9,6A
nom10,prenom10,6A
nom11,prenom11,6A
nom12,prenom12,6A
nom13,prenom13,6A
nom14,prenom14,6A
nom15,prenom15,6A
nom16,prenom16,6A
nom17,prenom17,6A
nom18,prenom18,6A
nom19,prenom19,6A
nom20,prenom20,6A
nom21,prenom21,6A
nom22,prenom22,6A
nom23,prenom23,6A
nom24,prenom24,6A
nom25,prenom25,6A
nom26,prenom26,6A
nom27,prenom27,6A
nom28,prenom28,6B
nom29,prenom29,6B
nom30,prenom30,6B
nom31,prenom31,6B
nom32,prenom32,6B
nom33,prenom33,6B
nom34,prenom34,6B
nom35,prenom35,6B
nom36,prenom36,6B
nom37,prenom37,6B
nom38,prenom38,6B
nom39,prenom39,6B
nom40,prenom40,6B
nom41,prenom41,6B
nom42,prenom42,6B
nom43,prenom43,6B
nom44,prenom44,6B
nom45,prenom45,6B
nom46,prenom46,6B
nom47,prenom47,6B
nom48,prenom48,6B
nom49,prenom49,6B
nom50,prenom50,6B
nom51,prenom51,6B
nom52,prenom52,6B
nom53,prenom53,6B
nom54,prenom54,6B
nom55,prenom55,6B
nom56,prenom56,6C
nom57,prenom57,6C
nom58,prenom58,6C
nom59,prenom59,6C
nom60,prenom60,6C
nom61,prenom61,6C
nom62,prenom62,6C
nom63,prenom63,6C
nom64,prenom64,6C
nom65,prenom65,6C
nom66,prenom66,6C
nom67,prenom67,6C
nom68,prenom68,6C
nom69,prenom69,6C
nom70,prenom70,6C
nom71,prenom71,6C
nom72,prenom72,6C
nom73,prenom73,6C
nom74,prenom74,6C
nom75,prenom75,6C
nom76,prenom76,6C
nom77,prenom77,6C
nom78,prenom78,6C
nom79,prenom79,5A
nom80,prenom80,5A
nom81,prenom81,5A
nom82,prenom82,5A
nom83,prenom83,5A
nom84,prenom84,5A
nom85,prenom85,5A
nom86,prenom86,5A
nom87,prenom87,5A
nom88,prenom88,5A
nom89,prenom89,5A
nom90,prenom90,5A
nom91,prenom91,5A
nom92,prenom92,5A
nom93,prenom93,5A
nom94,prenom94,5A
nom95,prenom95,5A
nom96,prenom96,5A
nom97,prenom97,5A
nom98,prenom98,5A
nom99,prenom99,5A
nom100,prenom100,5A
nom101,prenom101,5A
nom102,prenom102,5A
nom103,prenom103,5A
nom104,prenom104,5A
nom105,prenom105,5A
nom106,prenom106,5A
nom107,prenom107,5A
nom108,prenom108,5B
nom109,prenom109,5B
nom110,prenom110,5B
nom111,prenom111,5B
nom112,prenom112,5B
nom113,prenom113,5B
nom114,prenom114,5B
nom115,prenom115,5B
nom116,prenom116,5B
nom117,prenom117,5B
nom118,prenom118,5B
nom119,prenom119,5B
nom120,prenom120,5B
nom121,prenom121,5B
nom122,prenom122,5B
nom123,prenom123,5B
nom124,prenom124,5B
nom125,prenom125,5B
nom126,prenom126,5B
nom127,prenom127,5B
nom128,prenom128,5B
nom129,prenom129,5B
nom130,prenom130,5B
nom131,prenom131,5B
nom132,prenom132,5B
nom133,prenom133,5B
nom134,prenom134,5B
nom135,prenom135,5B
nom136,prenom136,5C
nom137,prenom137,5C
nom138,prenom138,5C
nom139,prenom139,5C
nom140,prenom140,5C
nom141,prenom141,5C
nom142,prenom142,5C
nom143,prenom143,5C
nom144,prenom144,5C
nom145,prenom145,5C
nom146,prenom146,5C
nom147,prenom147,5C
nom148,prenom148,5C
nom149,prenom149,5C
nom150,prenom150,5C
nom151,prenom151,5C
nom152,prenom152,5C
nom153,prenom153,5C
nom154,prenom154,5C
nom155,prenom155,5C
nom156,prenom156,5C
nom157,prenom157,5C
nom158,prenom158,5C
nom159,prenom159,5C
nom160,prenom160,5C
nom161,prenom161,5C
nom162,prenom162,5C
nom163,prenom163,5C
nom164,prenom164,4A
nom165,prenom165,4A
nom166,prenom166,4A
nom167,prenom167,4A
nom168,prenom168,4A
nom169,prenom169,4A
nom170,prenom170,4A
nom171,prenom171,4A
nom172,prenom172,4A
nom173,prenom173,4A
nom174,prenom174,4A
nom175,prenom175,4A
nom176,prenom176,4A
nom177,prenom177,4A
nom178,prenom178,4A
nom179,prenom179,4A
nom180,prenom180,4A
nom181,prenom181,4A
nom182,prenom182,4A
nom183,prenom183,4A
nom184,prenom184,4A
nom185,prenom185,4A
nom186,prenom186,4A
nom187,prenom187,4A
nom188,prenom188,4A
nom189,prenom189,4A
nom190,prenom190,4A
nom191,prenom191,4B
nom192,prenom192,4B
nom193,prenom193,4B
nom194,prenom194,4B
nom195,prenom195,4B
nom196,prenom196,4B
nom197,prenom197,4B
nom198,prenom198,4B
nom199,prenom199,4B
nom200,prenom200,4B
nom201,prenom201,4B
nom202,prenom202,4B
nom203,prenom203,4B
nom204,prenom204,4B
nom205,prenom205,4B
nom206,prenom206,4B
nom207,prenom207,4B
nom208,prenom208,4B
nom209,prenom209,4B
nom210,prenom210,4B
nom211,prenom211,4B
nom212,prenom212,4B
nom213,prenom213,4B
nom214,prenom214,4B
nom215,prenom215,4B
nom216,prenom216,4B
nom217,prenom217,4B
nom218,prenom218,4B
nom219,prenom219,4C
nom220,prenom220,4C
nom221,prenom221,4C
nom222,prenom222,4C
nom223,prenom223,4C
nom224,prenom224,4C
nom225,prenom225,4C
nom226,prenom226,4C
nom227,prenom227,4C
nom228,prenom228,4C
nom229,prenom229,4C
nom230,prenom230,4C
nom231,prenom231,4C
nom232,prenom232,4C
nom233,prenom233,4C
nom234,prenom234,4C
nom235,prenom235,4C
nom236,prenom236,4C
nom237,prenom237,4C
nom238,prenom238,4C
nom239,prenom239,4C
nom240,prenom240,4C
nom241,prenom241,4C
nom242,prenom242,4C
nom243,prenom243,4C
nom244,prenom244,4C
nom245,prenom245,4C
nom246,prenom246,4C
nom247,prenom247,4C
nom248,prenom248,3A
nom249,prenom249,3A
nom250,prenom250,3A
nom251,prenom251,3A
nom252,prenom252,3A
nom253,prenom253,3A
nom254,prenom254,3A
nom255,prenom255,3A
nom256,prenom256,3A
nom257,prenom257,3A
nom258,prenom258,3A
nom259,prenom259,3A
nom260,prenom260,3A
nom261,prenom261,3A
nom262,prenom262,3A
nom263,prenom263,3A
nom264,prenom264,3A
nom265,prenom265,3A
nom266,prenom266,3A
nom267,prenom267,3A
nom268,prenom268,3A
nom269,prenom269,3A
nom270,prenom270,3A
nom271,prenom271,3A
nom272,prenom272,3A
nom273,prenom273,3A
nom274,prenom274,3A
nom275,prenom275,3A
nom276,prenom276,3B
nom277,prenom277,3B
nom278,prenom278,3B
nom279,prenom279,3B
nom280,prenom280,3B
nom281,prenom281,3B
nom282,prenom282,3B
nom283,prenom283,3B
nom284,prenom284,3B
nom285,prenom285,3B
nom286,prenom286,3B
nom287,prenom287,3B
nom288,prenom288,3B
nom289,prenom289,3B
nom290,prenom290,3B
nom291,prenom291,3B
nom292,prenom292,3B
nom293,prenom293,3B
nom294,prenom294,3B
nom295,prenom295,3B
nom296,prenom296,3B
nom297,prenom297,3B
nom298,prenom298,3B
nom299,prenom299,3B
nom300,prenom300,3B
nom301,prenom301,3B
nom302,prenom302,3B
nom303,prenom303,3B
nom304,prenom304,3B
nom305,prenom305,3C
nom306,prenom306,3C
nom307,prenom307,3C
nom308,prenom308,3C
nom309,prenom309,3C
nom310,prenom310,3C
nom311,prenom311,3C
nom312,prenom312,3C
nom313,prenom313,3C
nom314,prenom314,3C
nom315,prenom315,3C
nom316,prenom316,3C
nom317,prenom317,3C
nom318,prenom318,3C
nom319,prenom319,3C
nom320,prenom320,3C
nom321,prenom321,3C
nom322,prenom322,3C
nom323,prenom323,3C
nom324,prenom324,3C
nom325,prenom325,3C
nom326,prenom326,3C
nom327,prenom327,3C
nom328,prenom328,3C
nom329,prenom329,3C
nom330,prenom330,3C
nom331,prenom331,3C
nom332,prenom332,3C
nom333,prenom333,3C
nom334,prenom334,3C
