nom1,prenom1,6A,bpmnXY84
nom2,prenom2,6A,khxvVC77
nom3,prenom3,6A,vkkvVR95
nom4,prenom4,6A,qvxrSP29
nom5,prenom5,6A,xfnpTB75
nom6,prenom6,6A,fjcuLM77
nom7,prenom7,6A,qjezEW43
nom8,prenom8,6A,xgqcXQ42
nom9,prenom9,6A,euxdNR17
nom10,prenom10,6A,muvfTA98
nom11,prenom11,6A,tgqeVC96
nom12,prenom12,6A,shmkHC99
nom13,prenom13,6A,cnezXY53
nom14,prenom14,6A,rcnvGW66
nom15,prenom15,6A,qescCY22
nom16,prenom16,6A,coxvXY87
nom17,prenom17,6A,xaduJK95
nom18,prenom18,6A,mnuwBX59
nom19,prenom19,6A,mjerHP12
nom20,prenom20,6A,pxncIA52
nom21,prenom21,6A,jkjxRM11
nom22,prenom22,6A,twwrYG57
nom23,prenom23,6A,rgqrRH34
nom24,prenom24,6A,zjjjUZ59
nom25,prenom25,6A,gvtvJZ45
nom26,prenom26,6A,axjaTP14
nom27,prenom27,6A,ogmaYT18
nom28,prenom28,6B,ccryAF48
nom29,prenom29,6B,ajjjNY42
nom30,prenom30,6B,grgkUG18
nom31,prenom31,6B,thwuSN35
nom32,prenom32,6B,cxabQZ26
nom33,prenom33,6B,zqzzZJ49
nom34,prenom34,6B,dwzbLR12
nom35,prenom35,6B,ogyjTF73
nom36,prenom36,6B,mpurEQ83
nom37,prenom37,6B,urtnFM77
nom38,prenom38,6B,jfcyTJ55
nom39,prenom39,6B,daojJC61
nom40,prenom40,6B,dccqKH24
nom41,prenom41,6B,zkvwKX78
nom42,prenom42,6B,pedvYM32
nom43,prenom43,6B,bpdbRQ49
nom44,prenom44,6B,ajzgNT45
nom45,prenom45,6B,whhjJE32
nom46,prenom46,6B,cgogMM52
nom47,prenom47,6B,vyhtMQ99
nom48,prenom48,6B,fujzZF85
nom49,prenom49,6B,aqwyLF54
nom50,prenom50,6B,tzmeAC15
nom51,prenom51,6B,squkWQ52
nom52,prenom52,6B,cayySX14
nom53,prenom53,6B,ckkoCQ77
nom54,prenom54,6B,ybqgZP95
nom55,prenom55,6B,ouazSI91
nom56,prenom56,6C,hzatYS48
nom57,prenom57,6C,jojsRS72
nom58,prenom58,6C,pmdwES93
nom59,prenom59,6C,mzstSR67
nom60,prenom60,6C,ohcgTG28
nom61,prenom61,6C,tstsFF31
nom62,prenom62,6C,fwpjVC76
nom63,prenom63,6C,vbdrXW51
nom64,prenom64,6C,mredWU65
nom65,prenom65,6C,pokwSL44
nom66,prenom66,6C,jsfyXH61
nom67,prenom67,6C,ewogZQ68
nom68,prenom68,6C,rbezCG15
nom69,prenom69,6C,rzekPX41
nom70,prenom70,6C,dcyqQD11
nom71,prenom71,6C,kcnzBW17
nom72,prenom72,6C,mbxvDF34
nom73,prenom73,6C,jmrvIS95
nom74,prenom74,6C,xpzaDY96
nom75,prenom75,6C,ystvIL72
nom76,prenom76,6C,zkuaEM67
nom77,prenom77,6C,emotTR31
nom78,prenom78,6C,ewyyDI72
nom79,prenom79,5A,rtpxFN42
nom80,prenom80,5A,atpcAK84
nom81,prenom81,5A,bcrvMG24
nom82,prenom82,5A,mcgqQB39
nom83,prenom83,5A,xfxwBM32
nom84,prenom84,5A,bpqtUE98
nom85,prenom85,5A,dkzcPA65
nom86,prenom86,5A,jopuXD31
nom87,prenom87,5A,outnGP55
nom88,prenom88,5A,zzydJR51
nom89,prenom89,5A,oxrxCS78
nom90,prenom90,5A,uhrjLP33
nom91,prenom91,5A,equqYA77
nom92,prenom92,5A,szqpRB18
nom93,prenom93,5A,zfgwWD78
nom94,prenom94,5A,zsweXP74
nom95,prenom95,5A,swqgPF43
nom96,prenom96,5A,sbtkUZ82
nom97,prenom97,5A,ggkgGA15
nom98,prenom98,5A,exqhVP67
nom99,prenom99,5A,hdacQC61
nom100,prenom100,5A,nuuoAI87
nom101,prenom101,5A,dqavBP21
nom102,prenom102,5A,mmwbGE27
nom103,prenom103,5A,xvhjHC69
nom104,prenom104,5A,bygyYJ53
nom105,prenom105,5A,gnqaFQ54
nom106,prenom106,5A,txonZN86
nom107,prenom107,5A,zbbtXL13
nom108,prenom108,5B,mhhaYB24
nom109,prenom109,5B,qhmrJU29
nom110,prenom110,5B,fmnbSI19
nom111,prenom111,5B,tntaBM81
nom112,prenom112,5B,yzvaJX28
nom113,prenom113,5B,fgryJD14
nom114,prenom114,5B,smpaXG88
nom115,prenom115,5B,btukCK17
nom116,prenom116,5B,kqyyMF12
nom117,prenom117,5B,zornIZ76
nom118,prenom118,5B,hjupVY48
nom119,prenom119,5B,agfmDM44
nom120,prenom120,5B,effhFK37
nom121,prenom121,5B,zpdkQR47
nom122,prenom122,5B,jccpRX35
nom123,prenom123,5B,mbwfPC51
nom124,prenom124,5B,cttxFY38
nom125,prenom125,5B,egojCH32
nom126,prenom126,5B,sbsmZZ93
nom127,prenom127,5B,wavyTA36
nom128,prenom128,5B,bkzsPQ78
nom129,prenom129,5B,wuywYD21
nom130,prenom130,5B,xkwwFS75
nom131,prenom131,5B,cdsnIX89
nom132,prenom132,5B,pcfrEC33
nom133,prenom133,5B,ergeKK78
nom134,prenom134,5B,nusmRA13
nom135,prenom135,5B,dfxyRH38
nom136,prenom136,5C,qhhcTJ23
nom137,prenom137,5C,mhapWL82
nom138,prenom138,5C,oephRP23
nom139,prenom139,5C,gkboFT79
nom140,prenom140,5C,ghumQZ18
nom141,prenom141,5C,faksBW73
nom142,prenom142,5C,mobgXS76
nom143,prenom143,5C,xphbXQ19
nom144,prenom144,5C,eoozPD31
nom145,prenom145,5C,cjxbEV92
nom146,prenom146,5C,rxxyWB93
nom147,prenom147,5C,cqoxEC72
nom148,prenom148,5C,qdzfMH15
nom149,prenom149,5C,vsxzIZ42
nom150,prenom150,5C,egnaDY39
nom151,prenom151,5C,ggnkTH16
nom152,prenom152,5C,xproVR22
nom153,prenom153,5C,qrsxLC26
nom154,prenom154,5C,mkneJK28
nom155,prenom155,5C,twdyPV46
nom156,prenom156,5C,casqNF28
nom157,prenom157,5C,ehwsBD31
nom158,prenom158,5C,pttkPN39
nom159,prenom159,5C,stdhAD84
nom160,prenom160,5C,yufzKT19
nom161,prenom161,5C,fwhaQD94
nom162,prenom162,5C,ddpeRW15
nom163,prenom163,5C,tfwgIA44
nom164,prenom164,4A,oyhyDH48
nom165,prenom165,4A,gmofDP33
nom166,prenom166,4A,xofgHM27
nom167,prenom167,4A,doobUB28
nom168,prenom168,4A,vfraZE93
nom169,prenom169,4A,mkofIB61
nom170,prenom170,4A,hjfpXT67
nom171,prenom171,4A,afcjXL82
nom172,prenom172,4A,qkyrJR18
nom173,prenom173,4A,fbruYU11
nom174,prenom174,4A,owdkKS77
nom175,prenom175,4A,kuojGE23
nom176,prenom176,4A,yyzvXK97
nom177,prenom177,4A,phdkHX49
nom178,prenom178,4A,vnnkPZ76
nom179,prenom179,4A,tymySP27
nom180,prenom180,4A,hgjmNS17
nom181,prenom181,4A,rxwgUP24
nom182,prenom182,4A,jyrrAU15
nom183,prenom183,4A,zhkdFS75
nom184,prenom184,4A,chsxTK11
nom185,prenom185,4A,azqaXS73
nom186,prenom186,4A,pjqxPC99
nom187,prenom187,4A,hqrbQS72
nom188,prenom188,4A,juvgRK29
nom189,prenom189,4A,mmygRS12
nom190,prenom190,4A,hgfxBF49
nom191,prenom191,4B,hvttJW91
nom192,prenom192,4B,dmfbXY64
nom193,prenom193,4B,ghowTJ83
nom194,prenom194,4B,fejkQL12
nom195,prenom195,4B,rmcqCF68
nom196,prenom196,4B,fbwpXS29
nom197,prenom197,4B,vwcdNG52
nom198,prenom198,4B,fpquED44
nom199,prenom199,4B,vtauMC74
nom200,prenom200,4B,zxbbBB34
nom201,prenom201,4B,quwdEC77
nom202,prenom202,4B,tjrmLJ65
nom203,prenom203,4B,nvuaRV66
nom204,prenom204,4B,ekvjDV36
nom205,prenom205,4B,qanpCC37
nom206,prenom206,4B,nqnrLU69
nom207,prenom207,4B,jqnfVJ15
nom208,prenom208,4B,gjqqXG24
nom209,prenom209,4B,fgcsXP93
nom210,prenom210,4B,ozzyJU32
nom211,prenom211,4B,evraXV84
nom212,prenom212,4B,utvuZH12
nom213,prenom213,4B,vocmVG33
nom214,prenom214,4B,ksrhLV36
nom215,prenom215,4B,mahkJN24
nom216,prenom216,4B,yjppWC16
nom217,prenom217,4B,uceeXG34
nom218,prenom218,4B,asdsVP46
nom219,prenom219,4C,jernPY21
nom220,prenom220,4C,cfgvZX96
nom221,prenom221,4C,pexzWZ86
nom222,prenom222,4C,dupjHC37
nom223,prenom223,4C,ecoqGG86
nom224,prenom224,4C,dngbPG64
nom225,prenom225,4C,gpwsHC54
nom226,prenom226,4C,nnsaLK66
nom227,prenom227,4C,unzfMT14
nom228,prenom228,4C,mtmaCI24
nom229,prenom229,4C,qztjXV49
nom230,prenom230,4C,jcgtTF39
nom231,prenom231,4C,wytpJS64
nom232,prenom232,4C,kcogNJ65
nom233,prenom233,4C,dwmaKM98
nom234,prenom234,4C,hstkGQ34
nom235,prenom235,4C,mccwCX82
nom236,prenom236,4C,pmmsNX15
nom237,prenom237,4C,dcxaLC83
nom238,prenom238,4C,uboqKD28
nom239,prenom239,4C,rhrtQK56
nom240,prenom240,4C,meehGX16
nom241,prenom241,4C,dzvdZX21
nom242,prenom242,4C,ueeqZI62
nom243,prenom243,4C,rdxzES24
nom244,prenom244,4C,zwagKQ95
nom245,prenom245,4C,cwowBN46
nom246,prenom246,4C,zwvqXH45
nom247,prenom247,4C,wuugNI92
nom248,prenom248,3A,vafwFX42
nom249,prenom249,3A,avqyUL39
nom250,prenom250,3A,twyzQQ91
nom251,prenom251,3A,sqduQG41
nom252,prenom252,3A,woonIB48
nom253,prenom253,3A,uvhkMU14
nom254,prenom254,3A,aaebWH86
nom255,prenom255,3A,mejyCI67
nom256,prenom256,3A,yuxzAR38
nom257,prenom257,3A,fjweXG88
nom258,prenom258,3A,otauMX12
nom259,prenom259,3A,vvzsNZ54
nom260,prenom260,3A,sszoIK99
nom261,prenom261,3A,rvwsNX11
nom262,prenom262,3A,tmwjJI37
nom263,prenom263,3A,nmgwUF47
nom264,prenom264,3A,fkopYT25
nom265,prenom265,3A,ewvdWY77
nom266,prenom266,3A,jygfVC28
nom267,prenom267,3A,zbkzUX13
nom268,prenom268,3A,xokbVR66
nom269,prenom269,3A,jfxfXI48
nom270,prenom270,3A,aznhTR43
nom271,prenom271,3A,cumrXF17
nom272,prenom272,3A,sfguMH97
nom273,prenom273,3A,bgwzWT35
nom274,prenom274,3A,dhraZY29
nom275,prenom275,3A,mxxkWX23
nom276,prenom276,3B,noysZI24
nom277,prenom277,3B,bkjfZX16
nom278,prenom278,3B,zjgvJC87
nom279,prenom279,3B,bzaqRT35
nom280,prenom280,3B,xffmMM61
nom281,prenom281,3B,tttxAY84
nom282,prenom282,3B,yavwTL18
nom283,prenom283,3B,fuzuHF85
nom284,prenom284,3B,yjxzRL56
nom285,prenom285,3B,vebaXA76
nom286,prenom286,3B,edaeUQ94
nom287,prenom287,3B,rqugVT21
nom288,prenom288,3B,kgdpZH23
nom289,prenom289,3B,zfvuXX46
nom290,prenom290,3B,fmgsIR25
nom291,prenom291,3B,nnfyFU72
nom292,prenom292,3B,xutdMI87
nom293,prenom293,3B,pebbBE84
nom294,prenom294,3B,axgfVD66
nom295,prenom295,3B,jqygQI51
nom296,prenom296,3B,skmpZR91
nom297,prenom297,3B,pdaaGS43
nom298,prenom298,3B,ohvqMB43
nom299,prenom299,3B,rrrcML25
nom300,prenom300,3B,aoyfFI25
nom301,prenom301,3B,wvdgPA13
nom302,prenom302,3B,eymmLX98
nom303,prenom303,3B,pkekPC86
nom304,prenom304,3B,xtcnAA71
nom305,prenom305,3C,fduaYM51
nom306,prenom306,3C,shwjRV16
nom307,prenom307,3C,knpuNV38
nom308,prenom308,3C,mcdvGW18
nom309,prenom309,3C,ntmrKF12
nom310,prenom310,3C,obxxHC32
nom311,prenom311,3C,yanfTM47
nom312,prenom312,3C,xuhhPS94
nom313,prenom313,3C,zcnoVB69
nom314,prenom314,3C,wnbjDR62
nom315,prenom315,3C,hxyoGX24
nom316,prenom316,3C,catzLQ71
nom317,prenom317,3C,totaZT71
nom318,prenom318,3C,oxrzQS32
nom319,prenom319,3C,pbpnPX83
nom320,prenom320,3C,ztwnHZ31
nom321,prenom321,3C,byshUN35
nom322,prenom322,3C,xzywKI19
nom323,prenom323,3C,etmeDP53
nom324,prenom324,3C,gmunDR87
nom325,prenom325,3C,vzuhNC16
nom326,prenom326,3C,oenvUQ12
nom327,prenom327,3C,aatkQR55
nom328,prenom328,3C,hdhbKP12
nom329,prenom329,3C,qhqtFQ64
nom330,prenom330,3C,oqjnQP94
nom331,prenom331,3C,kfcdTC53
nom332,prenom332,3C,hyaaRQ17
nom333,prenom333,3C,ytkcEZ61
nom334,prenom334,3C,tqsjYC36
